<application>
  <component name="KeyPromoterXStatistic">
    <option name="statistics">
      <Statistic Action="Add">
        <Item>
          <IdeaActionID>Git.Add</IdeaActionID>
          <ShortCut>'Ctrl+Alt+A'</ShortCut>
          <Description>Add</Description>
          <Count>3</Count>
        </Item>
      </Statistic>
      <Statistic Action="Close">
        <Item>
          <IdeaActionID>CloseContent</IdeaActionID>
          <ShortCut>'Ctrl+F4'</ShortCut>
          <Description>Close</Description>
          <Count>1</Count>
        </Item>
      </Statistic>
      <Statistic Action="Declaration">
        <Item>
          <IdeaActionID>GotoDeclaration</IdeaActionID>
          <ShortCut>'F3'</ShortCut>
          <Description>Declaration</Description>
          <Count>1</Count>
        </Item>
      </Statistic>
      <Statistic Action="Format all files in &quot;entity&quot;">
        <Item>
          <IdeaActionID>JindentComponent.formatProjectFiles</IdeaActionID>
          <ShortCut>'Ctrl+Alt+K'</ShortCut>
          <Description>Format all files in &quot;entity&quot;</Description>
          <Count>1</Count>
        </Item>
      </Statistic>
      <Statistic Action="Project">
        <Item>
          <IdeaActionID>ActivateProjectToolWindow</IdeaActionID>
          <ShortCut>'Alt+1'</ShortCut>
          <Description>Project</Description>
          <Count>4</Count>
        </Item>
      </Statistic>
      <Statistic Action="Project Structure...">
        <Item>
          <IdeaActionID>ShowProjectStructureSettings</IdeaActionID>
          <ShortCut>'Ctrl+Alt+Shift+S'</ShortCut>
          <Description>Project Structure...</Description>
          <Count>6</Count>
        </Item>
      </Statistic>
      <Statistic Action="Push...">
        <Item>
          <IdeaActionID>Vcs.Push</IdeaActionID>
          <ShortCut>'Ctrl+Shift+K'</ShortCut>
          <Description>Push...</Description>
          <Count>1</Count>
        </Item>
      </Statistic>
      <Statistic Action="Rename...">
        <Item>
          <IdeaActionID>RenameElement</IdeaActionID>
          <ShortCut>'Alt+Shift+R'</ShortCut>
          <Description>Rename...</Description>
          <Count>1</Count>
        </Item>
      </Statistic>
      <Statistic Action="Run 'ChecklistExample.main()'">
        <Item>
          <IdeaActionID>RunClass</IdeaActionID>
          <ShortCut>'Ctrl+Shift+F10'</ShortCut>
          <Description>Run 'ChecklistExample.main()'</Description>
          <Count>1</Count>
        </Item>
      </Statistic>
      <Statistic Action="Settings...">
        <Item>
          <IdeaActionID>ShowSettings</IdeaActionID>
          <ShortCut>'Ctrl+Alt+S'</ShortCut>
          <Description>Settings...</Description>
          <Count>19</Count>
        </Item>
      </Statistic>
      <Statistic Action="Toggle Line Breakpoint">
        <Item>
          <IdeaActionID>ToggleLineBreakpoint</IdeaActionID>
          <ShortCut>'Ctrl+Shift+B' or 'Ctrl+F8'</ShortCut>
          <Description>Toggle Line Breakpoint</Description>
          <Count>1</Count>
        </Item>
      </Statistic>
    </option>
    <option name="suppressed">
      <Statistic Action="Delete...">
        <Item>
          <IdeaActionID>$Delete</IdeaActionID>
          <ShortCut>'Delete'</ShortCut>
          <Description>Delete...</Description>
          <Count>4</Count>
        </Item>
      </Statistic>
      <Statistic Action="Run 'NoteApplication'">
        <Item>
          <IdeaActionID>Run</IdeaActionID>
          <ShortCut>'Alt+Shift+X' or 'Shift+F10'</ShortCut>
          <Description>Run 'NoteApplication'</Description>
          <Count>1</Count>
        </Item>
      </Statistic>
      <Statistic Action="Save All">
        <Item>
          <IdeaActionID>SaveAll</IdeaActionID>
          <ShortCut>'Ctrl+S'</ShortCut>
          <Description>Save All</Description>
          <Count>1</Count>
        </Item>
      </Statistic>
      <Statistic Action="Stop 'NoteApplication'">
        <Item>
          <IdeaActionID>Stop</IdeaActionID>
          <ShortCut>'Ctrl+F2'</ShortCut>
          <Description>Stop 'NoteApplication'</Description>
          <Count>1</Count>
        </Item>
      </Statistic>
    </option>
  </component>
</application>